<?xml version="1.0" encoding="UTF-8"?>
<!DOCTYPE mapper PUBLIC "-//mybatis.org//DTD Mapper 3.0//EN" "http://mybatis.org/dtd/mybatis-3-mapper.dtd">
<mapper namespace="com.aim.questionnaire.dao.ModelEntityMapper">
  <resultMap id="BaseResultMap" type="com.aim.questionnaire.dao.entity.ModelEntity">
    <!--
      WARNING - @mbg.generated
      This element is automatically generated by MyBatis Generator, do not modify.
    -->
    <id column="id" jdbcType="INTEGER" property="id" />
    <result column="parent_id" jdbcType="INTEGER" property="parentId" />
    <result column="model_name" jdbcType="VARCHAR" property="modelName" />
    <result column="one_model" jdbcType="VARCHAR" property="oneModel" />
    <result column="two_model" jdbcType="VARCHAR" property="twoModel" />
    <result column="path" jdbcType="VARCHAR" property="path" />
    <result column="sort" jdbcType="VARCHAR" property="sort" />
    <result column="created_by" jdbcType="VARCHAR" property="createdBy" />
    <result column="status" jdbcType="VARCHAR" property="status" />
  </resultMap>
  <sql id="Base_Column_List">
    <!--
      WARNING - @mbg.generated
      This element is automatically generated by MyBatis Generator, do not modify.
    -->
    id, parent_id, model_name, one_model, two_model, path, sort, created_by, status
  </sql>

  <sql id="sqlMap">
    <!--
      WARNING - @mbg.generated
      This element is automatically generated by MyBatis Generator, do not modify.
    -->
    id, parent_id as parentId,model_name as modelName, one_model as oneModel, two_model as twoModel,
    path, sort, status
  </sql>
  <select id="selectByPrimaryKey" parameterType="java.lang.Integer" resultMap="BaseResultMap">
    <!--
      WARNING - @mbg.generated
      This element is automatically generated by MyBatis Generator, do not modify.
    -->
    select 
    <include refid="Base_Column_List" />
    from model_info
    where id = #{id,jdbcType=INTEGER}
  </select>

  <!--查询模块信息列表-->
  <select id="queryModelListInfo" resultType="java.util.Map">
    select
    <include refid="sqlMap" />
    from model_info
    where id != 1
    <if test="modelType != null">
      and id != #{modelType,jdbcType=VARCHAR}
    </if>
    <if test="parentId != null">
      AND parent_id = #{parentId,jdbcType=INTEGER}
    </if>
    <if test="name != null">
      AND one_model LIKE '%${name}%'
    </if>
    <if test="id != null">
      AND id = #{id,jdbcType=VARCHAR}
    </if>
    order by id asc
  </select>

  <!--查询是否存在此排序-->
  <select id="queryModelSortIsExist" parameterType="java.lang.String" resultType="java.lang.Integer">
    SELECT COUNT(1)
    FROM model_info
    WHERE sort = #{sort,jdbcType=VARCHAR}
    AND parent_id = #{parentId,jdbcType=VARCHAR}
  </select>
  <!--查询parentId对应的status，用于匹配role的list-->
  <select id="queryModelStatusNum" resultType="java.util.Map">
    select id, status
    from model_info
    where parent_id = "0"
    order by id asc
  </select>

  <!--查询模块信息根据status-->
  <select id="queryModelListByStatus" parameterType="list" resultType="java.util.Map">
    select id,parent_id as parentId,model_name as modelName,one_model as oneModel, two_model as towModel,status
    from model_info
    <where>
      <foreach collection="list" item="item" index="index" separator="or">
        status = #{item,jdbcType=VARCHAR}
      </foreach>
    </where>
  </select>

  <!--查询模块路径根据id-->
  <select id="queryModelPathById" resultType="java.util.Map">
    SELECT path as pathId,status as permission
    FROM model_info
    where id != 2
    and id != 3
    <if test="strList != null">
      and (
      <foreach collection="strList" item="item" separator="or" >
        id = #{item,jdbcType=VARCHAR}
      </foreach>
      )
    </if>

  </select>

  <!--查询最大的id值-->
  <select id="queryModelMaxId" resultType="java.lang.Integer">
    select max(id) from model_info;
  </select>

  <!--查询此状态下的个数-->
  <select id="queryModelStatusCountByStatus" resultType="java.lang.Integer">
    select COUNT(1)
    FROM model_info
    WHERE status = #{status,jdbcType=VARCHAR};
  </select>

  <delete id="deleteByPrimaryKey" parameterType="java.lang.Integer">
    <!--
      WARNING - @mbg.generated
      This element is automatically generated by MyBatis Generator, do not modify.
    -->
    delete from model_info
    where id = #{id,jdbcType=INTEGER}
  </delete>

  <!--删除模块信息-->
  <delete id="deleteModelInfo" parameterType="map">
    delete from model_info
    where id = #{id,jdbcType=INTEGER}
  </delete>


  <insert id="insert" parameterType="com.aim.questionnaire.dao.entity.ModelEntity">
    <!--
      WARNING - @mbg.generated
      This element is automatically generated by MyBatis Generator, do not modify.
    -->
    insert into model_info (id, parent_id, model_name, 
      one_model, two_model, path, 
      sort, created_by, status
      )
    values (#{id,jdbcType=INTEGER}, #{parentId,jdbcType=INTEGER}, #{modelName,jdbcType=VARCHAR}, 
      #{oneModel,jdbcType=VARCHAR}, #{twoModel,jdbcType=VARCHAR}, #{path,jdbcType=VARCHAR}, 
      #{sort,jdbcType=VARCHAR}, #{createdBy,jdbcType=VARCHAR}, #{status,jdbcType=VARCHAR}
      )
  </insert>
  <insert id="insertSelective" parameterType="com.aim.questionnaire.dao.entity.ModelEntity">
    <!--
      WARNING - @mbg.generated
      This element is automatically generated by MyBatis Generator, do not modify.
    -->
    insert into model_info
    <trim prefix="(" suffix=")" suffixOverrides=",">
      <if test="id != null">
        id,
      </if>
      <if test="parentId != null">
        parent_id,
      </if>
      <if test="modelName != null">
        model_name,
      </if>
      <if test="oneModel != null">
        one_model,
      </if>
      <if test="twoModel != null">
        two_model,
      </if>
      <if test="path != null">
        path,
      </if>
      <if test="sort != null">
        sort,
      </if>
      <if test="createdBy != null">
        created_by,
      </if>
      <if test="status != null">
        status,
      </if>
    </trim>
    <trim prefix="values (" suffix=")" suffixOverrides=",">
      <if test="id != null">
        #{id,jdbcType=INTEGER},
      </if>
      <if test="parentId != null">
        #{parentId,jdbcType=INTEGER},
      </if>
      <if test="modelName != null">
        #{modelName,jdbcType=VARCHAR},
      </if>
      <if test="oneModel != null">
        #{oneModel,jdbcType=VARCHAR},
      </if>
      <if test="twoModel != null">
        #{twoModel,jdbcType=VARCHAR},
      </if>
      <if test="path != null">
        #{path,jdbcType=VARCHAR},
      </if>
      <if test="sort != null">
        #{sort,jdbcType=VARCHAR},
      </if>
      <if test="createdBy != null">
        #{createdBy,jdbcType=VARCHAR},
      </if>
      <if test="status != null">
        #{status,jdbcType=VARCHAR},
      </if>
    </trim>
  </insert>

  <!--添加模块-->
  <insert id="addModelInfo" parameterType="map">
    <!--
      WARNING - @mbg.generated
      This element is automatically generated by MyBatis Generator, do not modify.
    -->
    insert into model_info
    <trim prefix="(" suffix=")" suffixOverrides=",">
      <if test="id != null">
        id,
      </if>
      <if test="parentId != null">
        parent_id,
      </if>
      <if test="modelName != null">
        model_name,
      </if>
      <if test="oneModel != null">
        one_model,
      </if>
      <if test="twoModel != null">
        two_model,
      </if>
      <if test="path != null">
        path,
      </if>
      <if test="sort != null">
        sort,
      </if>
      <if test="createdBy != null">
        created_by,
      </if>
      <if test="status != null">
        status,
      </if>
    </trim>
    <trim prefix="values (" suffix=")" suffixOverrides=",">
      <if test="id != null">
        #{id,jdbcType=INTEGER},
      </if>
      <if test="parentId != null">
        #{parentId,jdbcType=INTEGER},
      </if>
      <if test="modelName != null">
        #{modelName,jdbcType=VARCHAR},
      </if>
      <if test="oneModel != null">
        #{oneModel,jdbcType=VARCHAR},
      </if>
      <if test="twoModel != null">
        #{twoModel,jdbcType=VARCHAR},
      </if>
      <if test="path != null">
        #{path,jdbcType=VARCHAR},
      </if>
      <if test="sort != null">
        #{sort,jdbcType=VARCHAR},
      </if>
      <if test="createdBy != null">
        #{createdBy,jdbcType=VARCHAR},
      </if>
      <if test="status != null">
        #{status,jdbcType=VARCHAR},
      </if>
    </trim>
  </insert>

    <update id="updateByPrimaryKeySelective" parameterType="com.aim.questionnaire.dao.entity.ModelEntity">
    <!--
      WARNING - @mbg.generated
      This element is automatically generated by MyBatis Generator, do not modify.
    -->
    update model_info
    <set>
      <if test="parentId != null">
        parent_id = #{parentId,jdbcType=INTEGER},
      </if>
      <if test="modelName != null">
        model_name = #{modelName,jdbcType=VARCHAR},
      </if>
      <if test="oneModel != null">
        one_model = #{oneModel,jdbcType=VARCHAR},
      </if>
      <if test="twoModel != null">
        two_model = #{twoModel,jdbcType=VARCHAR},
      </if>
      <if test="path != null">
        path = #{path,jdbcType=VARCHAR},
      </if>
      <if test="sort != null">
        sort = #{sort,jdbcType=VARCHAR},
      </if>
      <if test="createdBy != null">
        created_by = #{createdBy,jdbcType=VARCHAR},
      </if>
      <if test="status != null">
        status = #{status,jdbcType=VARCHAR},
      </if>
    </set>
    where id = #{id,jdbcType=INTEGER}
  </update>
  <update id="updateByPrimaryKey" parameterType="com.aim.questionnaire.dao.entity.ModelEntity">
    <!--
      WARNING - @mbg.generated
      This element is automatically generated by MyBatis Generator, do not modify.
    -->
    update model_info
    set parent_id = #{parentId,jdbcType=INTEGER},
      model_name = #{modelName,jdbcType=VARCHAR},
      one_model = #{oneModel,jdbcType=VARCHAR},
      two_model = #{twoModel,jdbcType=VARCHAR},
      path = #{path,jdbcType=VARCHAR},
      sort = #{sort,jdbcType=VARCHAR},
      created_by = #{createdBy,jdbcType=VARCHAR},
      status = #{status,jdbcType=VARCHAR}
    where id = #{id,jdbcType=INTEGER}
  </update>

  <!--修改模块信息-->
  <update id="modifyModelInfo" parameterType="map">
    update model_info
    <set>
      <if test="parentId != null">
        parent_id = #{parentId,jdbcType=INTEGER},
      </if>
      <if test="modelName != null">
        model_name = #{modelName,jdbcType=VARCHAR},
      </if>
      <if test="oneModel != null">
        one_model = #{oneModel,jdbcType=VARCHAR},
      </if>
      <if test="twoModel != null">
        two_model = #{twoModel,jdbcType=VARCHAR},
      </if>
      <if test="path != null">
        path = #{path,jdbcType=VARCHAR},
      </if>
      <if test="sort != null">
        sort = #{sort,jdbcType=VARCHAR},
      </if>
      <if test="createdBy != null">
        created_by = #{createdBy,jdbcType=VARCHAR},
      </if>
      <if test="status != null">
        status = #{status,jdbcType=VARCHAR},
      </if>
    </set>
    where id = #{id,jdbcType=INTEGER}
  </update>
  <select id="queryModeNameInfo" parameterType="map" resultType="com.aim.questionnaire.dao.entity.ModelEntity"> 
    select * 
       from 
          model_info t 
       WHERE 
          case #{parentId,jdbcType=INTEGER} when 0 then t.model_name = #{modelName,jdbcType=INTEGER} else t.parent_id = #{parentId,jdbcType=INTEGER} and t.model_name = #{modelName,jdbcType=INTEGER} end;
  </select>
</mapper>