<?xml version="1.0" encoding="UTF-8"?>
<!DOCTYPE mapper PUBLIC "-//mybatis.org//DTD Mapper 3.0//EN" "http://mybatis.org/dtd/mybatis-3-mapper.dtd">
<mapper namespace="com.aim.questionnaire.dao.ParameterConfigEntityMapper">
  <resultMap id="BaseResultMap" type="com.aim.questionnaire.dao.entity.ParameterConfigEntity">
    <!--
      WARNING - @mbg.generated
      This element is automatically generated by MyBatis Generator, do not modify.
    -->
    <id column="id" jdbcType="VARCHAR" property="id" />
    <result column="property" jdbcType="VARCHAR" property="property" />
    <result column="data" jdbcType="VARCHAR" property="data" />
    <result column="describ" jdbcType="VARCHAR" property="describ" />
    <result column="created_by" jdbcType="CHAR" property="createdBy" />
    <result column="creation_date" jdbcType="TIMESTAMP" property="creationDate" />
    <result column="last_updated_by" jdbcType="CHAR" property="lastUpdatedBy" />
    <result column="last_update_date" jdbcType="TIMESTAMP" property="lastUpdateDate" />
  </resultMap>
  <sql id="Base_Column_List">
    <!--
      WARNING - @mbg.generated
      This element is automatically generated by MyBatis Generator, do not modify.
    -->
    id, property, data, describ, created_by, creation_date, last_updated_by, last_update_date
  </sql>
  <select id="selectByPrimaryKey" parameterType="java.lang.String" resultMap="BaseResultMap">
    <!--
      WARNING - @mbg.generated
      This element is automatically generated by MyBatis Generator, do not modify.
    -->
    select 
    <include refid="Base_Column_List" />
    from parameter_config_info
    where id = #{id,jdbcType=VARCHAR}
  </select>
  <delete id="deleteByPrimaryKey" parameterType="java.lang.String">
    <!--
      WARNING - @mbg.generated
      This element is automatically generated by MyBatis Generator, do not modify.
    -->
    delete from parameter_config_info
    where id = #{id,jdbcType=VARCHAR}
  </delete>
  <insert id="insert" parameterType="com.aim.questionnaire.dao.entity.ParameterConfigEntity">
    <!--
      WARNING - @mbg.generated
      This element is automatically generated by MyBatis Generator, do not modify.
    -->
    insert into parameter_config_info (id, property, data, 
      describ, created_by, creation_date, 
      last_updated_by, last_update_date)
    values (#{id,jdbcType=VARCHAR}, #{property,jdbcType=VARCHAR}, #{data,jdbcType=VARCHAR}, 
      #{describ,jdbcType=VARCHAR}, #{createdBy,jdbcType=CHAR}, #{creationDate,jdbcType=TIMESTAMP}, 
      #{lastUpdatedBy,jdbcType=CHAR}, #{lastUpdateDate,jdbcType=TIMESTAMP})
  </insert>
  <insert id="insertSelective" parameterType="com.aim.questionnaire.dao.entity.ParameterConfigEntity">
    <!--
      WARNING - @mbg.generated
      This element is automatically generated by MyBatis Generator, do not modify.
    -->
    insert into parameter_config_info
    <trim prefix="(" suffix=")" suffixOverrides=",">
      <if test="id != null">
        id,
      </if>
      <if test="property != null">
        property,
      </if>
      <if test="data != null">
        data,
      </if>
      <if test="describ != null">
        describ,
      </if>
      <if test="createdBy != null">
        created_by,
      </if>
      <if test="creationDate != null">
        creation_date,
      </if>
      <if test="lastUpdatedBy != null">
        last_updated_by,
      </if>
      <if test="lastUpdateDate != null">
        last_update_date,
      </if>
    </trim>
    <trim prefix="values (" suffix=")" suffixOverrides=",">
      <if test="id != null">
        #{id,jdbcType=VARCHAR},
      </if>
      <if test="property != null">
        #{property,jdbcType=VARCHAR},
      </if>
      <if test="data != null">
        #{data,jdbcType=VARCHAR},
      </if>
      <if test="describ != null">
        #{describ,jdbcType=VARCHAR},
      </if>
      <if test="createdBy != null">
        #{createdBy,jdbcType=CHAR},
      </if>
      <if test="creationDate != null">
        #{creationDate,jdbcType=TIMESTAMP},
      </if>
      <if test="lastUpdatedBy != null">
        #{lastUpdatedBy,jdbcType=CHAR},
      </if>
      <if test="lastUpdateDate != null">
        #{lastUpdateDate,jdbcType=TIMESTAMP},
      </if>
    </trim>
  </insert>
  <!--添加参数信息-->
  <insert id="addParameterInfo" parameterType="map">
    insert into parameter_config_info
    <trim prefix="(" suffix=")" suffixOverrides=",">
      <if test="id != null">
        id,
      </if>
      <if test="property != null">
        property,
      </if>
      <if test="data != null">
        data,
      </if>
      <if test="describ != null">
        describ,
      </if>
      <if test="user != null">
        created_by,
      </if>
      <if test="creationDate != null">
        creation_date,
      </if>
      <if test="user != null">
        last_updated_by,
      </if>
      <if test="lastUpdateDate != null">
        last_update_date,
      </if>
    </trim>
    <trim prefix="values (" suffix=")" suffixOverrides=",">
      <if test="id != null">
        #{id,jdbcType=VARCHAR},
      </if>
      <if test="property != null">
        #{property,jdbcType=VARCHAR},
      </if>
      <if test="data != null">
        #{data,jdbcType=VARCHAR},
      </if>
      <if test="describ != null">
        #{describ,jdbcType=VARCHAR},
      </if>
      <if test="user != null">
        #{user,jdbcType=CHAR},
      </if>
      <if test="creationDate != null">
        #{creationDate,jdbcType=TIMESTAMP},
      </if>
      <if test="user != null">
        #{user,jdbcType=CHAR},
      </if>
      <if test="lastUpdateDate != null">
        #{lastUpdateDate,jdbcType=TIMESTAMP},
      </if>
    </trim>
  </insert>
    <update id="updateByPrimaryKeySelective" parameterType="com.aim.questionnaire.dao.entity.ParameterConfigEntity">
    <!--
      WARNING - @mbg.generated
      This element is automatically generated by MyBatis Generator, do not modify.
    -->
    update parameter_config_info
    <set>
      <if test="property != null">
        property = #{property,jdbcType=VARCHAR},
      </if>
      <if test="data != null">
        data = #{data,jdbcType=VARCHAR},
      </if>
      <if test="describ != null">
        describ = #{describ,jdbcType=VARCHAR},
      </if>
      <if test="createdBy != null">
        created_by = #{createdBy,jdbcType=CHAR},
      </if>
      <if test="creationDate != null">
        creation_date = #{creationDate,jdbcType=TIMESTAMP},
      </if>
      <if test="lastUpdatedBy != null">
        last_updated_by = #{lastUpdatedBy,jdbcType=CHAR},
      </if>
      <if test="lastUpdateDate != null">
        last_update_date = #{lastUpdateDate,jdbcType=TIMESTAMP},
      </if>
    </set>
    where id = #{id,jdbcType=VARCHAR}
  </update>
  <update id="updateByPrimaryKey" parameterType="com.aim.questionnaire.dao.entity.ParameterConfigEntity">
    <!--
      WARNING - @mbg.generated
      This element is automatically generated by MyBatis Generator, do not modify.
    -->
    update parameter_config_info
    set property = #{property,jdbcType=VARCHAR},
      data = #{data,jdbcType=VARCHAR},
      describ = #{describ,jdbcType=VARCHAR},
      created_by = #{createdBy,jdbcType=CHAR},
      creation_date = #{creationDate,jdbcType=TIMESTAMP},
      last_updated_by = #{lastUpdatedBy,jdbcType=CHAR},
      last_update_date = #{lastUpdateDate,jdbcType=TIMESTAMP}
    where id = #{id,jdbcType=VARCHAR}
  </update>
  <!--根据id查询参数信息-->
  <update id="modifyParameterList" parameterType="map">
    UPDATE parameter_config_info
    <set>
      <if test="data != null">
        data = #{data,jdbcType=VARCHAR},
      </if>
      <if test="describ != null">
        describ = #{describ,jdbcType=VARCHAR},
      </if>
      <if test="lastUpdatedBy != null">
        last_updated_by = #{lastUpdatedBy,jdbcType=CHAR},
      </if>
      <if test="lastUpdateDate != null">
        last_update_date = #{lastUpdateDate,jdbcType=TIMESTAMP},
      </if>
    </set>
    where id = #{id,jdbcType=VARCHAR}
  </update>

  <!--查询参数列表（模糊搜索）-->
  <select id="queryParameterList" parameterType="map" resultType="java.util.Map">
    SELECT id,property,data,describ
    FROM parameter_config_info
    <where>
      <if test="property != null">
        AND property LIKE '%${property}%'
      </if>
      <if test="id != null">
        AND id = #{id,jdbcType=VARCHAR}
      </if>
    </where>
  </select>

  <!--查询所有的角色的权限-->
  <select id="queryAllPathAndPermission" resultType="java.util.Map">
    SELECT per.path_id AS pathId,per.created_by as createdBy,role.role_code as rolecode
    FROM user_root_info role,root_permission_info per
    WHERE role.status = "1"
    AND per.status = "1"
    AND role.id = per.role_id
    ORDER BY per.last_updated_by ASC
  </select>

  <!--查询短信发送密码-->
  <select id="queryMessagePassword" resultType="java.lang.String">
    SELECT data
    from parameter_config_info
    where id=#{id,jdbcType=VARCHAR}
  </select>
</mapper>