<?xml version="1.0" encoding="UTF-8"?>
<!DOCTYPE mapper PUBLIC "-//mybatis.org//DTD Mapper 3.0//EN" "http://mybatis.org/dtd/mybatis-3-mapper.dtd">
<mapper namespace="com.aim.questionnaire.dao.ProjectEntityMapper">
  <resultMap id="BaseResultMap" type="com.aim.questionnaire.dao.entity.ProjectEntity">
    <id column="id" jdbcType="VARCHAR" property="id" />
    <result column="user_id" jdbcType="VARCHAR" property="userId" />
    <result column="project_name" jdbcType="VARCHAR" property="projectName" />
    <result column="created_by" jdbcType="CHAR" property="createdBy" />
    <result column="creation_date" jdbcType="TIMESTAMP" property="creationDate" />
    <result column="last_updated_by" jdbcType="CHAR" property="lastUpdatedBy" />
    <result column="last_update_date" jdbcType="TIMESTAMP" property="lastUpdateDate" />
  </resultMap>
  <resultMap extends="BaseResultMap" id="ResultMapWithBLOBs" type="com.aim.questionnaire.dao.entity.ProjectEntity">

  </resultMap>
  <sql id="Base_Column_List">

  </sql>
  <sql id="Blob_Column_List">

  </sql>
  <select id="selectByPrimaryKey" parameterType="java.lang.String" resultMap="BaseResultMap">

  </select>
  <delete id="deleteByPrimaryKey" parameterType="java.lang.String">

  </delete>
  <insert id="insert" parameterType="com.aim.questionnaire.dao.entity.ProjectEntity">

  </insert>
  <insert id="insertSelective" parameterType="com.aim.questionnaire.dao.entity.ProjectEntity">

  </insert>
  <update id="updateByPrimaryKeySelective" parameterType="com.aim.questionnaire.dao.entity.ProjectEntity">

  </update>
  <update id="updateByPrimaryKey" parameterType="com.aim.questionnaire.dao.entity.ProjectEntity">

  </update>

  <!--根据项目id删除项目-->
  <delete id="deleteProjectById" parameterType="java.lang.String">

  </delete>

  <!--查询项目列表-->
  <select id="queryProjectList" parameterType="com.aim.questionnaire.dao.entity.ProjectEntity" resultType="map">
 
   
  </select>

  <!--查询全部项目的名字接口-->
  <select id="queryAllProjectName" resultType="map">

  </select>

  <!--根据项目id查询项目名称-->
  <select id="queryProjectNameById" parameterType="java.lang.String" resultType="java.lang.String">

  </select>
</mapper>