<?xml version="1.0" encoding="UTF-8"?>
<!DOCTYPE mapper PUBLIC "-//mybatis.org//DTD Mapper 3.0//EN" "http://mybatis.org/dtd/mybatis-3-mapper.dtd">
<mapper namespace="com.aim.questionnaire.dao.UserEntityMapper">
  <resultMap id="BaseResultMap" type="com.aim.questionnaire.dao.entity.UserEntity">
    <!--
      WARNING - @mbg.generated
      This element is automatically generated by MyBatis Generator, do not modify.
    -->
    <id column="id" jdbcType="VARCHAR" property="id" />
    <result column="username" jdbcType="VARCHAR" property="username" />
    <result column="password" jdbcType="VARCHAR" property="password" />
    <result column="start_time" jdbcType="TIMESTAMP" property="startTime" />
    <result column="stop_time" jdbcType="TIMESTAMP" property="stopTime" />
    <result column="status" jdbcType="VARCHAR" property="status" />
    <result column="created_by" jdbcType="CHAR" property="createdBy" />
    <result column="creation_date" jdbcType="TIMESTAMP" property="creationDate" />
    <result column="last_updated_by" jdbcType="CHAR" property="lastUpdatedBy" />
    <result column="last_update_date" jdbcType="TIMESTAMP" property="lastUpdateDate" />
  </resultMap>
  <sql id="Base_Column_List">
    <!--
      WARNING - @mbg.generated
      This element is automatically generated by MyBatis Generator, do not modify.
    -->
    id, username, password, start_time, stop_time, status, created_by, creation_date,
    last_updated_by, last_update_date
  </sql>
  <select id="selectByPrimaryKey" parameterType="java.lang.String" resultMap="BaseResultMap">
    <!--
      WARNING - @mbg.generated
      This element is automatically generated by MyBatis Generator, do not modify.
    -->
    select 
    <include refid="Base_Column_List" />
    from user_info
    where id = #{id,jdbcType=VARCHAR}
  </select>

  <delete id="deleteByPrimaryKey" parameterType="java.lang.String">

  </delete>
  <insert id="insert" parameterType="com.aim.questionnaire.dao.entity.UserEntity">

  </insert>
  <insert id="insertSelective" parameterType="com.aim.questionnaire.dao.entity.UserEntity">
  
  </insert>

  <update id="updateByPrimaryKeySelective" parameterType="com.aim.questionnaire.dao.entity.UserEntity">
   
  </update>
  <update id="updateByPrimaryKey" parameterType="com.aim.questionnaire.dao.entity.UserEntity">
 
  </update>
    <!--根据用户名查找用户信息-->
  <select id="selectUserInfo" parameterType="java.lang.String" resultType="com.aim.questionnaire.dao.entity.UserEntity">
    SELECT id,username,`password`,status
    FROM user_info
    WHERE username = #{username,jdbcType=VARCHAR} AND status = "1"
  </select>
   <!--查询用户列表（模糊搜索）-->
  <select id="queryUserList" parameterType="map" resultType="java.util.Map">

  </select>
  <!--根据用户名查找用户信息-->
  <select id="selectAllByName" parameterType="java.lang.String" resultType="com.aim.questionnaire.dao.entity.UserEntity">

  </select>

  <!--根据用户名查找用户id-->
  <select id="selectIdByName"  parameterType="java.lang.String" resultType="java.lang.String">

  </select>

  <!--创建用户的基本信息-->
  <insert id="addUserInfo" parameterType="map">
    insert into user_info
    <trim prefix="(" suffix=")" suffixOverrides=",">
      <if test="id != null">
        id,
      </if>
      <if test="username != null">
        username,
      </if>
      <if test="password != null">
        password,
      </if>
      <if test="roleId != null">
        role_id,
      </if>
      <if test="startTime != null">
        start_time,
      </if>
      <if test="stopTime != null">
        stop_time,
      </if>
        status,
      <if test="createdBy != null">
        created_by,
      </if>
      <if test="creationDate != null">
        creation_date,
      </if>
      <if test="lastUpdatedBy != null">
        last_updated_by,
      </if>
      <if test="lastUpdateDate != null">
        last_update_date,
      </if>
    </trim>
    <trim prefix="values (" suffix=")" suffixOverrides=",">
      <if test="id != null">
        #{id,jdbcType=VARCHAR},
      </if>
      <if test="username != null">
        #{username,jdbcType=VARCHAR},
      </if>
      <if test="password != null">
        #{password,jdbcType=VARCHAR},
      </if>
      <if test="roleId != null">
        #{roleId,jdbcType=VARCHAR},
      </if>
      <if test="startTime != null">
        #{startTime,jdbcType=TIMESTAMP},
      </if>
      <if test="stopTime != null">
        #{stopTime,jdbcType=TIMESTAMP},
      </if>
        1,
      <if test="createdBy != null">
        #{createdBy,jdbcType=CHAR},
      </if>
      <if test="creationDate != null">
        #{creationDate,jdbcType=TIMESTAMP},
      </if>
      <if test="lastUpdatedBy != null">
        #{lastUpdatedBy,jdbcType=CHAR},
      </if>
      <if test="lastUpdateDate != null">
        #{lastUpdateDate,jdbcType=TIMESTAMP},
      </if>
    </trim>
  </insert>

  <!--编辑用户的基本信息-->
  <update id="modifyUserInfo" parameterType="map">

  </update>

  <!--修改用户状态-->
  <update id="modifyUserStatus">

  </update>

  <!--根据id查找用户全部信息-->
  <select id="selectUserInfoById" parameterType="com.aim.questionnaire.dao.entity.UserEntity" resultType="map">

  </select>

  <!--查询用户的权限-->
  <select id="queryUserRole" resultType="java.lang.String">

  </select>

  <!--查询用户截止时间-->
  <select id="selectAllEndTime" resultType="java.util.Map">

  </select>

  <!--修改用户状态-->
  <update id="modifyUserInfoStatus" parameterType="map">

  </update>

  <!--删除用户信息-->
  <delete id="deteleUserInfoById">

  </delete>

  <!--查询用户密码-->
  <select id="queryUserPassword" parameterType="map" resultType="int">

  </select>

  <!--根据用户id查询用户名-->
  <select id="selectUserNameInfoById" resultType="java.lang.String">

  </select>

  <!--判断用户名是否存在-->
  <select id="queryExistUser" parameterType="map" resultType="java.lang.Integer">
    SELECT count(1)
    FROM user_info
    where username = #{username,jdbcType=VARCHAR}
    <if test="id != null">
      and id != #{id,jdbcType=VARCHAR}
    </if>
  </select>

  <!--查询用户创建的项目-->
  <select id="queryProjectByUser" resultType="java.lang.Integer">

  </select>

  <!--根据角色查询用户-->
  <select id="queryUserCountByRole" resultType="java.lang.Integer">

  </select>
</mapper>